Feature,Importance,Original_Feature
Sex_female,0.22871133523153966,Sex
Sex_male,0.21935578722438617,Sex
Fare_capped,0.15023156889980077,Fare_capped
Age,0.11615648815307632,Age
Pclass,0.08685410129333176,Pclass
Cabin_known,0.06885117581865212,Cabin_known
FamilySize,0.0466862479274196,FamilySize
SibSp,0.01899456266422772,SibSp
Embarked_S,0.017707731197963133,Embarked
Parch,0.016366379190163587,Parch
IsAlone,0.013174348757573003,IsAlone
Embarked_C,0.010535880980727629,Embarked
Embarked_Q,0.006374392661138623,Embarked
