Pclass,Age,SibSp,Parch,Fare_capped,Cabin_known,FamilySize,IsAlone,Sex,Embarked,PassengerId,Actual_Survived,Predicted_Survived,Survival_Probability,Prediction_Type,AgeGroup,Prediction_Confidence
1,2.0,1,2,65.6563,1,4,0,female,S,298,0,1,0.9180547507453228,False Positive,Child,0.9180547507453228
3,26.0,0,0,8.1125,0,1,1,male,S,445,1,0,0.08354607057371628,False Negative,Young Adult,0.9164539294262837
3,27.0,0,0,6.975,0,1,1,male,S,805,1,0,0.08501054028167328,False Negative,Young Adult,0.9149894597183267
3,25.0,0,0,0.0,0,1,1,male,S,272,1,0,0.08556006999663278,False Negative,Young Adult,0.9144399300033672
2,24.0,0,0,13.0,0,1,1,female,S,200,0,1,0.9114401640318214,False Positive,Young Adult,0.9114401640318214
2,62.0,0,0,10.5,0,1,1,male,S,571,1,0,0.09501863983989826,False Negative,Senior,0.9049813601601018
2,30.0,0,0,13.0,0,1,1,male,S,18,1,0,0.11740375227162071,False Negative,Young Adult,0.8825962477283793
3,21.5,0,0,7.6292,0,1,1,female,Q,503,0,1,0.8628820031240261,False Positive,Young Adult,0.8628820031240261
3,21.0,0,0,7.75,0,1,1,female,Q,502,0,1,0.85676068263556,False Positive,Young Adult,0.85676068263556
3,27.0,0,0,7.7958,0,1,1,male,S,147,1,0,0.17383905387158827,False Negative,Young Adult,0.8261609461284117
3,29.0,0,0,7.8958,0,1,1,male,C,456,1,0,0.18570414665806856,False Negative,Young Adult,0.8142958533419314
3,22.0,0,0,7.225,0,1,1,male,C,554,1,0,0.19140552678427608,False Negative,Young Adult,0.808594473215724
3,21.5,0,2,7.75,0,3,0,female,Q,594,0,1,0.7426662347415949,False Positive,Young Adult,0.7426662347415949
1,30.0,0,0,27.75,1,1,1,male,C,453,0,1,0.6635736417425139,False Positive,Young Adult,0.6635736417425139
3,9.0,0,2,20.525,0,3,0,male,S,166,1,0,0.35806098878392023,False Negative,Child,0.6419390112160798
1,40.0,0,0,35.5,1,1,1,male,S,56,1,0,0.36178663305849645,False Negative,Adult,0.6382133669415035
1,27.0,0,0,30.5,0,1,1,male,S,608,1,0,0.36228986514727946,False Negative,Young Adult,0.6377101348527205
1,49.0,1,1,65.6563,1,3,0,male,C,699,0,1,0.6215761297892294,False Positive,Adult,0.6215761297892294
1,37.0,1,0,53.1,1,2,0,male,S,138,0,1,0.6187953992859687,False Positive,Adult,0.6187953992859687
1,44.0,2,0,65.6563,1,3,0,male,Q,246,0,1,0.6092808705047617,False Positive,Adult,0.6092808705047617
3,9.0,1,1,15.9,0,3,0,male,S,490,1,0,0.39503962330471554,False Negative,Child,0.6049603766952845
1,31.0,1,0,52.0,1,2,0,male,S,672,0,1,0.5938433330512051,False Positive,Young Adult,0.5938433330512051
3,26.0,1,1,15.2458,0,3,0,male,C,66,1,0,0.4145208374808406,False Negative,Young Adult,0.5854791625191593
1,29.0,1,0,65.6563,1,2,0,male,S,337,0,1,0.5851695306746607,False Positive,Young Adult,0.5851695306746607
2,8.0,1,1,36.75,0,3,0,male,S,550,1,0,0.41736315345051844,False Negative,Child,0.5826368465494816
1,34.0,0,0,26.55,0,1,1,male,S,448,1,0,0.41948388364274874,False Negative,Young Adult,0.5805161163572512
3,26.0,0,0,56.4958,0,1,1,male,S,827,0,1,0.5768101247315723,False Positive,Young Adult,0.5768101247315723
3,18.0,2,0,18.0,0,3,0,female,S,39,0,1,0.5757054096601355,False Positive,Teen,0.5757054096601355
3,30.0,1,1,24.15,0,3,0,female,S,800,0,1,0.5747939365405048,False Positive,Young Adult,0.5747939365405048
1,46.0,1,0,61.175,1,2,0,male,S,93,0,1,0.5734909382254435,False Positive,Adult,0.5734909382254435
1,45.0,0,0,26.55,1,1,1,male,S,537,0,1,0.5718551765869353,False Positive,Adult,0.5718551765869353
3,21.5,1,0,14.4583,0,2,0,female,C,579,0,1,0.5678061038470914,False Positive,Young Adult,0.5678061038470914
1,45.0,1,0,65.6563,1,2,0,male,S,63,0,1,0.5629263251102304,False Positive,Adult,0.5629263251102304
3,24.0,0,0,8.85,0,1,1,female,S,294,0,1,0.5613216638999767,False Positive,Young Adult,0.5613216638999767
1,28.0,0,0,35.5,1,1,1,male,S,24,1,0,0.44418807396280735,False Negative,Young Adult,0.5558119260371926
1,19.0,3,2,65.6563,1,6,0,male,S,28,0,1,0.5446369258180888,False Positive,Young Adult,0.5446369258180888
1,62.0,0,0,26.55,1,1,1,male,S,253,0,1,0.5282703719417526,False Positive,Senior,0.5282703719417526
1,55.0,0,0,30.5,1,1,1,male,S,493,0,1,0.5243292904763485,False Positive,Adult,0.5243292904763485
1,70.0,1,1,65.6563,1,3,0,male,S,746,0,1,0.517628835316412,False Positive,Senior,0.517628835316412
3,21.5,0,0,8.05,0,1,1,female,S,565,0,1,0.5164464520122987,False Positive,Young Adult,0.5164464520122987
1,58.0,0,2,65.6563,1,3,0,male,C,660,0,1,0.5134536570108568,False Positive,Adult,0.5134536570108568
