Group_Type,Group,Passengers,Accuracy,Precision,Recall,F1,ROC_AUC,Error_Rate
Sex,female,61,0.8360655737704918,0.8181818181818182,1.0,0.9,0.8444444444444444,0.16393442622950818
Sex,male,118,0.7372881355932204,0.34782608695652173,0.3333333333333333,0.3404255319148936,0.644281914893617,0.2627118644067797
Pclass,1,45,0.5777777777777777,0.5833333333333334,0.84,0.6885245901639344,0.7929999999999999,0.4222222222222222
Pclass,2,34,0.8823529411764706,0.9444444444444444,0.85,0.8947368421052632,0.8892857142857143,0.11764705882352941
Pclass,3,100,0.82,0.625,0.625,0.625,0.7445175438596491,0.18
IsAlone,0,76,0.75,0.6808510638297872,0.8888888888888888,0.7710843373493976,0.8625,0.25
IsAlone,1,103,0.7864077669902912,0.6774193548387096,0.6363636363636364,0.65625,0.7841991341991343,0.21359223300970873
Cabin_known,0,135,0.8222222222222222,0.7560975609756098,0.6888888888888889,0.7209302325581395,0.8158024691358023,0.17777777777777778
Cabin_known,1,44,0.6136363636363636,0.5945945945945946,0.9166666666666666,0.7213114754098361,0.8447916666666667,0.38636363636363635
AgeGroup,Child,14,0.7142857142857143,0.8,0.5714285714285714,0.6666666666666666,0.7142857142857143,0.2857142857142857
AgeGroup,Teen,17,0.9411764705882353,0.8888888888888888,1.0,0.9411764705882353,1.0,0.058823529411764705
AgeGroup,Young Adult,111,0.7837837837837838,0.6976744186046512,0.7317073170731707,0.7142857142857143,0.8216027874564459,0.21621621621621623
AgeGroup,Adult,31,0.7096774193548387,0.5555555555555556,0.9090909090909091,0.6896551724137931,0.8386363636363636,0.2903225806451613
AgeGroup,Senior,6,0.5,0.3333333333333333,0.5,0.4,0.5,0.5
